processed_text,sentiment,embedding_preview
reviewer mention watch episode youll hook right exactly happen methe first thing strike brutality unflinching scene violence set right word trust show faint hearted timid show pull punch regard drug sex violence hardcore classic use wordit call nickname give oswald maximum security state penitentary focus mainly emerald city experimental section prison cell glass front face inwards privacy high agenda city home manyaryans muslim gangsta latino christian italian irish moreso scuffle death stare dodgy deal shady agreement never far awayi say main appeal show due fact show wouldnt dare forget pretty picture paint mainstream audience forget charm forget romanceoz doesnt mess around first episode ever saw strike nasty surreal couldnt say ready watch develop taste get accustom high level graphic violence violence injustice crook guard wholl sell nickel inmate wholl kill order get away well mannered middle class inmate turn prison bitch due lack street skill prison experience watch may become comfortable uncomfortable viewingthats get touch darker side,positive,"[ 0.0518,  0.0193,  0.0415,  0.1593, -0.0506, -0.2439, -0.0452,  0.1338,
 -0.1221, -0.2151]"
wonderful little production film technique unassuming oldtimebbc fashion give comfort sometimes discomforting sense realism entire piece actor extremely well choose michael sheen get polari voice pat truly see seamless edit guide reference williams diary entry well worth watch terrificly write perform piece masterful production great master comedy life realism really come home little thing fantasy guard rather use traditional dream technique remain solid disappear play knowledge sens particularly scene concern orton halliwell set particularly flat halliwells mural decorate every surface terribly well do,positive,"[ 0.1447, -0.1386, -0.0324,  0.0974, -0.0508, -0.2087,  0.0471,  0.2542,
 -0.1637, -0.0477]"
think wonderful way spend time hot summer weekend sit air condition theater watch lighthearted comedy plot simplistic dialogue witty character likable even well bread suspect serial killer may disappoint realize match point risk addiction think proof woody allen still fully control style many grow lovethis laugh woodys comedy year dare say decade ive never impress scarlet johanson manage tone sexy image jump right average spirit young womanthis may crown jewel career wittier devil wear prada interest superman great comedy see friend,positive,"[ 0.1304, -0.066 , -0.073 ,  0.1227,  0.0004, -0.2129, -0.01  ,  0.129 ,
 -0.1655, -0.3096]"
basically family little boy jake think zombie closet parent fight timethis movie slower soap opera suddenly jake decide become rambo kill zombieok first youre go make film must decide thriller drama drama movie watchable parent divorce argue like real life jake closet totally ruin film expect see boogeyman similar movie instead watch drama meaningless thriller spot well play parent descent dialog shoot jake ignore,negative,"[ 0.0651, -0.0403,  0.0113,  0.2484, -0.0231, -0.1591,  0.0097,  0.0953,
 -0.0521, -0.2499]"
petter matteis love time money visually stun film watch mattei offer vivid portrait human relation movie seem tell money power success people different situation encounter variation arthur schnitzlers play theme director transfer action present time new york different character meet connect connect way another next person seem know previous point contact stylishly film sophisticate luxurious look take see people live world live habitatthe thing get soul picture different stage loneliness inhabit big city exactly best place human relation find sincere fulfillment discern case people encounterthe act good matteis direction steve buscemi rosario dawson carol kane michael imperioli adrian grenier rest talented cast make character come alivewe wish mattei good luck await anxiously next work,positive,"[ 0.1066, -0.0837, -0.0206,  0.2016,  0.0391, -0.1321,  0.0173,  0.1599,
 -0.111 , -0.2066]"
